{
  "topics":[
    {
      "id": 1,
      "name": "MeLi Tools",
      "items": [
        {
          "id": 1,
          "name": "Service Desk",
          "icon": "icons/support.png",
          "link": "http://servicedesk.mercadolibre.com/",
          "tags": ["service", "desk", "help"]
        },
        {
          "id": 2,
          "name": "Shield",
          "icon": "icons/shield.png",
          "link": "https://shield.adminml.com/",
          "tags": ["shield", "help"]
        },
        {
          "id": 3,
          "name": "Mordor",
          "icon": "icons/padlock.png",
          "link": "https://mordor.adminml.com/",
          "tags": ["mordor"]
        },
        {
          "id": 4,
          "name": "AnswerHub",
          "icon": "icons/question.png",
          "link": "https://mercadolibre.cloud.answerhub.com/",
          "tags": ["question", "answerhub", "ah"]
        },
        {
          "id": 5,
          "name": "Success Factors",
          "icon": "icons/newspaper.png",
          "link": "https://www.successfactors.com/MercadoP",
          "tags": ["sf","success factors"]
        }
      ]
    },
    {
      "id": 2,
      "name": "Beneficios",
      "items": [
        {
          "id": 1,
          "name": "TuRecibo",
          "icon": "icons/receipt.png",
          "link": "https://mercadolibre.turecibo.com/login.php?ref=%2F",
          "tags": ["turecibo"]
        },
        {
          "id": 2,
          "name": "Guardería",
          "icon": "icons/baby.png",
          "link": "https://docs.google.com/forms/d/e/1FAIpQLSc_T7SyCg8ik86yCQXKsS7-WEaXI1tX22QiPjtgdcykw0-Eyg/viewform",
          "tags": ["guardería", "bebés", "bebé"]
        },
        {
          "id": 3,
          "name": "Deporte",
          "icon": "icons/sports.png",
          "link": "https://docs.google.com/forms/d/e/1FAIpQLSfU6G5zSgXktLDlb_QXthaz2-Jv9keq8VcUqJgwSu9g2qxjFQ/viewform",
          "tags": ["deporte"]
        },
        {
          "id": 4,
          "name": "Medicamentos",
          "icon": "icons/medicine.png",
          "link": "https://goo.gl/forms/2QRTGJi8jAvOPKiy1",
          "tags": ["medicamentos"]
        },
        {
          "id": 5,
          "name": "Tu propuesta de valor",
          "icon": "icons/power.png",
          "link": "https://saml.micompensacion.com/ssomercadolibre/login.ashx",
          "tags": ["tpdv", "tu propuesta de valor"]
        }
      ]
    },
    {
      "id": 3,
      "name": "Equipo",
      "items": [
        {
          "id": 1,
          "name": "Workplace",
          "icon": "icons/team.png",
          "link": "https://meli.workplace.com",
          "tags": ["wp", "workplace", "team"]
        },
        {
          "id": 2,
          "name": "Jira",
          "icon": "icons/jira.png",
          "link": "http://mercadolibre.atlassian.net",
          "tags": ["jira"]
        },
        {
          "id": 3,
          "name": "Slack",
          "icon": "icons/slack.png",
          "link": "https://meli.slack.com/ssb/redirect",
          "tags": ["slack"]
        }
      ]
    },
    {
      "id": 4,
      "name": "Google",
      "items": [
        {
          "id": 1,
          "name": "Meet",
          "icon": "icons/meet.png",
          "link": "http://meet.google.com/",
          "tags": ["goo", "meet"]
        },
        {
          "id": 2,
          "name": "Chat",
          "icon": "icons/chat.png",
          "link": "http://chat.google.com",
          "tags": ["goo", "chat"]
        },
        {
          "id": 3,
          "name": "Gmail",
          "icon": "icons/gmail.png",
          "link": "http://mail.google.com",
          "tags": ["goo", "mail", "gmail"]
        },
        {
          "id": 4,
          "name": "Calendar",
          "icon": "icons/calendar.png",
          "link": "http://calendar.google.com",
          "tags": ["goo", "calendar"]
        },
        {
          "id": 5,
          "name": "Drive",
          "icon": "icons/drive.png",
          "link": "http://drive.google.com",
          "tags": ["goo", "drive"]
        }
      ]
    },
    {
      "id": 5,
      "name": "Tooling",
      "items": [
        {
          "id": 1,
          "name": "New Relic",
          "icon": "icons/newrelic.png",
          "link": "http://one.newrelic.com/",
          "tags": ["nr", "newrelic"]
        },
        {
          "id": 2,
          "name": "Datadog",
          "icon": "icons/datadog.png",
          "link": "http://servicedesk.mercadolibre.com/",
          "tags": ["dd", "datadog"]
        },
        {
          "id": 3,
          "name": "GitHub",
          "icon": "icons/github.png",
          "link": "https://github.com/mercadolibre/",
          "tags": ["gh", "github"]
        }
      ]
    }
  ],
  "footer": {
    "title": "Thanks",
    "info": ""
  }
}
